{"mean": 0.0016242328565567732, "std": 0.017493916675448418}