{
  "mean": [
    0.4768075622411294,
    2.407303340924945,
    3.526587386599296,
    0.0175610542405633,
    5.581049710620888,
    1566.8929094064797
  ],
  "scale": [
    0.35492229603754016,
    1.7719078306110667,
    1.8971550809338875,
    0.11348680803442861,
    1.914379765643476,
    1494.6410010647944
  ],
  "feature_names": [
    "rms",
    "peak",
    "kurtosis",
    "skewness",
    "crest_factor",
    "dominant_freq"
  ]
}